,t,q_1,q_2,q_3,q_4,q_5,q_6,camera_x,camera_y,camera_z,camera_roll,camera_pitch,camera_yaw,f_1,f_2,desired_f_1,desired_f_2
0,0.0,9.298324584960938e-06,-0.39263248443603516,1.963494062423706,7.224082946777344e-05,-1.5707952976226807,-2.384185791015625e-07,0.44632619619369507,0.1690625101327896,0.5921626687049866,-3.1413076666281032,0.00012220975734266807,1.5708383127210188,186.06118546845124,56.89866156787763,128.0,128.0
1,0.05,-0.002254486083984375,-0.3907928466796875,1.9622008800506592,-0.0012524127960205078,-1.5715043544769287,-0.0026645660400390625,0.447823166847229,0.16795122623443604,0.5923612117767334,3.1411097963194443,0.0008277038173957693,1.5712358779986217,185.5,57.615094339622644,128.0,128.0
2,0.1,-0.004491090774536133,-0.3889627456665039,1.9609158039093018,-0.0025675296783447266,-1.5722029209136963,-0.005293369293212891,0.4493066072463989,0.1668490469455719,0.5925570130348206,3.1403509250073993,0.0015292779375739177,1.5716252613890525,184.98848368522073,58.4299424184261,128.0,128.0
3,0.15000000000000002,-0.006697177886962891,-0.3871474266052246,1.9596402645111084,-0.0038704872131347656,-1.5728919506072998,-0.007889032363891602,0.450770765542984,0.16575878858566284,0.592751681804657,3.1395978261151454,0.002227257635067494,1.5720120248080678,184.44145873320537,59.134357005758154,128.0,128.0
4,0.2,-0.008872270584106445,-0.3853433132171631,1.9583728313446045,-0.0051648616790771484,-1.573570966720581,-0.010450601577758789,0.4522206485271454,0.16467852890491486,0.5929436683654785,3.13885365289492,0.0029192741589972385,1.5723953233063201,183.87332053742801,59.87332053742802,128.0,128.0
5,0.25,-0.011015892028808594,-0.38355183601379395,1.9571139812469482,-0.006449460983276367,-1.5742394924163818,-0.01297760009765625,0.45365554094314575,0.16360849142074585,0.5931322574615479,3.1381185565645016,0.0036048229110049296,1.5727743117590955,183.29333333333332,60.57142857142857,128.0,128.0
6,0.30000000000000004,-0.013128042221069336,-0.3817715644836426,1.9558641910552979,-0.007726907730102539,-1.5748975276947021,-0.015470266342163086,0.45507705211639404,0.16254879534244537,0.5933177471160889,3.1373921397586564,0.004283191970397097,1.573149325522757,182.83109404990404,61.35892514395393,128.0,128.0
7,0.35000000000000003,-0.0152130126953125,-0.3800067901611328,1.9546229839324951,-0.00899052619934082,-1.575547456741333,-0.017932415008544922,0.4564826190471649,0.16149741411209106,0.5935007929801941,3.1366749021150673,0.004956284358820187,1.5735205314537977,182.36486486486487,62.0,128.0,128.0
8,0.4,-0.017270803451538086,-0.3782527446746826,1.9533884525299072,-0.010245561599731445,-1.576188325881958,-0.020364999771118164,0.45787566900253296,0.16045452654361725,0.5936815738677979,3.135965760574925,0.005624225387037142,1.5738880962287318,181.84555984555985,62.5945945945946,128.0,128.0
9,0.45,-0.019299983978271484,-0.3765075206756592,1.952160120010376,-0.011493444442749023,-1.576819658279419,-0.0227663516998291,0.4592567980289459,0.15942096710205078,0.5938600301742554,3.135263980476253,0.006285821288981589,1.5742521872381123,181.29672447013488,63.32947976878613,128.0,128.0
10,0.5,-0.021300077438354492,-0.37477588653564453,1.950941801071167,-0.012730121612548828,-1.5774414539337158,-0.025135278701782227,0.4606233239173889,0.15839743614196777,0.5940351486206055,3.1345711358127666,0.006940724566700126,1.5746121275976732,180.7933723196881,64.01754385964912,128.0,128.0
11,0.55,-0.02327275276184082,-0.37305712699890137,1.9497315883636475,-0.01395726203918457,-1.5780551433563232,-0.027474164962768555,0.46197617053985596,0.15738283097743988,0.5942075252532959,3.1338873801280998,0.00758995180157001,1.5749687590592147,180.3159922928709,64.70520231213872,128.0,128.0
12,0.6000000000000001,-0.025219440460205078,-0.3713514804840088,1.9485299587249756,-0.01517343521118164,-1.5786597728729248,-0.029784202575683594,0.4633151590824127,0.15637703239917755,0.5943773984909058,3.133212038608914,0.008233672628702395,1.5753219113806396,179.88178294573643,65.3624031007752,128.0,128.0
13,0.65,-0.027141571044921875,-0.3696582317352295,1.947335958480835,-0.016379356384277344,-1.5792572498321533,-0.03206658363342285,0.4646408259868622,0.15537899732589722,0.5945451259613037,3.132544423967529,0.008872370717262965,1.575671245343485,179.3684210526316,65.9766081871345,128.0,128.0
14,0.7000000000000001,-0.029036760330200195,-0.36797571182250977,1.9461491107940674,-0.01757669448852539,-1.579845666885376,-0.034319400787353516,0.46595466136932373,0.15439030528068542,0.594710648059845,3.1318842520997947,0.009505015088847437,1.5760167593812096,178.8929961089494,66.59338521400778,128.0,128.0
15,0.75,-0.03090667724609375,-0.3663043975830078,1.9449703693389893,-0.018764734268188477,-1.5804259777069092,-0.036544084548950195,0.4672561287879944,0.1534103900194168,0.5948735475540161,3.1312317368607196,0.010132147067718708,1.576359126157206,178.4093567251462,67.2066276803119,128.0,128.0
16,0.8,-0.03275132179260254,-0.36464428901672363,1.9437987804412842,-0.0199432373046875,-1.5809986591339111,-0.03874087333679199,0.46854516863822937,0.1524391770362854,0.5950334668159485,3.130587498589282,0.01075319572198527,1.5766980083426378,177.96449704142012,67.88165680473372,128.0,128.0
17,0.8500000000000001,-0.03457212448120117,-0.36299824714660645,1.942636251449585,-0.021110057830810547,-1.5815632343292236,-0.040911197662353516,0.4698207974433899,0.151476189494133,0.5951915383338928,3.1299513127020773,0.011369570522449513,1.5770335719579456,177.40155945419104,68.46588693957115,128.0,128.0
18,0.9,-0.036365509033203125,-0.3613622188568115,1.9414818286895752,-0.022269725799560547,-1.5821192264556885,-0.04305076599121094,0.4710842967033386,0.15052329003810883,0.595346212387085,3.129323189149275,0.011978651684494688,1.5773654775339445,177.0098231827112,69.07662082514734,128.0,128.0
19,0.9500000000000001,-0.03813743591308594,-0.3597383499145508,1.9403345584869385,-0.023418664932250977,-1.5826680660247803,-0.0451664924621582,0.47233569622039795,0.14957761764526367,0.5954990983009338,3.128702269393012,0.012583579591092813,1.5776943992361028,176.53515625,69.779296875,128.0,128.0
20,1.0,-0.03988528251647949,-0.35812973976135254,1.939197301864624,-0.024555206298828125,-1.5832092761993408,-0.04725503921508789,0.47357308864593506,0.14864078164100647,0.5956496596336365,3.1280900809809644,0.013182366123668287,1.5780193223087362,176.06692913385828,70.25984251968504,128.0,128.0
21,1.05,-0.04160952568054199,-0.35652875900268555,1.9380662441253662,-0.02568650245666504,-1.5837433338165283,-0.04931783676147461,0.4748007655143738,0.14771245419979095,0.5957974195480347,3.1274840095207797,0.013775759871352992,1.578341596781136,175.65557729941293,70.866927592955,128.0,128.0
22,1.1,-0.04331231117248535,-0.35494041442871094,1.9369423389434814,-0.026805877685546875,-1.5842697620391846,-0.05135607719421387,0.4760163426399231,0.14679166674613953,0.5959435105323792,3.1268854760044085,0.014364271423483366,1.5786607152848726,175.15098039215687,71.43333333333334,128.0,128.0
23,1.1500000000000001,-0.04499077796936035,-0.3533627986907959,1.9358265399932861,-0.027916908264160156,-1.5847885608673096,-0.05336737632751465,0.4772201478481293,0.14588023722171783,0.5960869193077087,3.126294069225014,0.01494631543816791,1.578976166950275,174.80434782608697,72.05731225296442,128.0,128.0
24,1.2000000000000002,-0.04665040969848633,-0.35179901123046875,1.934718370437622,-0.02901625633239746,-1.5853016376495361,-0.05535745620727539,0.47841158509254456,0.14497524499893188,0.5962289571762085,3.12571042220201,0.015524472457214545,1.5792889675817627,174.27165354330708,72.59645669291339,128.0,128.0
25,1.25,-0.04828500747680664,-0.35024523735046387,1.9336183071136475,-0.030108213424682617,-1.5858066082000732,-0.05731964111328125,0.4795919954776764,0.14407998323440552,0.5963679552078247,3.125133244065782,0.01609604104688493,1.579598437282817,173.9244532803181,73.10735586481114,128.0,128.0
26,1.3,-0.04990124702453613,-0.34870171546936035,1.9325239658355713,-0.031190156936645508,-1.586305856704712,-0.05926108360290527,0.48076245188713074,0.14319120347499847,0.5965054631233215,3.1245624232737472,0.01666364094002221,1.5799052531355835,173.49802371541503,73.78063241106719,128.0,128.0
27,1.35,-0.05149674415588379,-0.34717392921447754,1.9314396381378174,-0.03225970268249512,-1.5867979526519775,-0.06117892265319824,0.48191899061203003,0.14231038093566895,0.596640944480896,3.124000634601405,0.01722598778114879,1.580208395839174,173.03578528827038,74.17892644135189,128.0,128.0
28,1.4000000000000001,-0.053070068359375,-0.34565186500549316,1.9303605556488037,-0.03332400321960449,-1.5872833728790283,-0.06307220458984375,0.48306745290756226,0.14143799245357513,0.5967740416526794,3.12344344231784,0.017782545459082102,1.5805090531426285,172.67524752475248,74.80594059405941,128.0,128.0
29,1.4500000000000002,-0.05462503433227539,-0.3441445827484131,1.9292900562286377,-0.034375667572021484,-1.5877630710601807,-0.06494450569152832,0.4842033088207245,0.14057238399982452,0.5969052314758301,3.1228948717257863,0.01833467634356764,1.580806541149761,172.1984126984127,75.25,128.0,128.0
30,1.5,-0.056157827377319336,-0.34264492988586426,1.9282257556915283,-0.03542137145996094,-1.5882351398468018,-0.06679177284240723,0.4853299558162689,0.1397155374288559,0.5970340967178345,3.1223515999444644,0.018881163881756705,1.5811012016230936,171.84231536926148,75.87624750499002,128.0,128.0
31,1.55,-0.057672977447509766,-0.34116029739379883,1.9271700382232666,-0.0364537239074707,-1.5887019634246826,-0.0686190128326416,0.48644402623176575,0.13886556029319763,0.5971613526344299,3.1218165398295565,0.01942286351568057,1.5813926929129634,171.35458167330677,76.300796812749,128.0,128.0
32,1.6,-0.05916595458984375,-0.33968281745910645,1.9261209964752197,-0.03748059272766113,-1.5891616344451904,-0.07042193412780762,0.4875492751598358,0.13802433013916016,0.5972859263420105,3.1212868716823796,0.01995895077678565,1.5816815220859568,171.016,76.884,128.0,128.0
33,1.6500000000000001,-0.060642242431640625,-0.33821916580200195,1.9250800609588623,-0.03849649429321289,-1.5896155834197998,-0.0722050666809082,0.48864299058914185,0.13718953728675842,0.5974089503288269,3.1207647226527304,0.020490719925426927,1.5819675178851205,170.6265060240964,77.37349397590361,128.0,128.0
34,1.7000000000000002,-0.06209993362426758,-0.33676600456237793,1.9240467548370361,-0.0395045280456543,-1.590064287185669,-0.07396745681762695,0.4897264838218689,0.13636209070682526,0.5975304245948792,3.1202482372360043,0.0210173795656595,1.582250510989201,170.16432865731463,77.92384769539078,128.0,128.0
35,1.75,-0.0635368824005127,-0.335324764251709,1.9230210781097412,-0.04050159454345703,-1.5905063152313232,-0.07570624351501465,0.49079859256744385,0.13554303348064423,0.5976487398147583,3.1197383271291375,0.021538873855868532,1.582530498107315,169.842,78.334,128.0,128.0
36,1.8,-0.06495785713195801,-0.3338918685913086,1.9220006465911865,-0.04149127006530762,-1.590942621231079,-0.07742691040039062,0.49186262488365173,0.1347302347421646,0.5977661609649658,3.119233670855339,0.022056381969417803,1.5828081595863914,169.484126984127,78.90277777777777,128.0,128.0
37,1.85,-0.06636214256286621,-0.332472562789917,1.9209887981414795,-0.04246950149536133,-1.5913746356964111,-0.07912850379943848,0.49291518330574036,0.13392409682273865,0.597882091999054,3.1187367491127524,0.022569119004271238,1.583083149888129,169.08383233532933,79.31536926147704,128.0,128.0
38,1.9000000000000001,-0.0677480697631836,-0.33106136322021484,1.9199821949005127,-0.04344058036804199,-1.5917999744415283,-0.08080935478210449,0.49395909905433655,0.13312546908855438,0.5979962348937988,3.118244954154153,0.02307755214449591,1.5833556431053974,168.74899598393574,79.91164658634538,128.0,128.0
39,1.9500000000000002,-0.06911826133728027,-0.3296647071838379,1.91898512840271,-0.04439973831176758,-1.5922210216522217,-0.08247208595275879,0.49499088525772095,0.13233298063278198,0.5981086492538452,3.1177604939356898,0.02358130062851428,1.5836252954943377,168.264,80.264,128.0,128.0
40,2.0,-0.07046747207641602,-0.3282740116119385,1.9179942607879639,-0.04535531997680664,-1.5926353931427002,-0.08411169052124023,0.496015727519989,0.13154971599578857,0.5982183814048767,3.1172807133723786,0.024079385278227946,1.583892278316742,167.92184368737475,80.82164328657315,128.0,128.0
41,2.0500000000000003,-0.07180118560791016,-0.32689690589904785,1.917011022567749,-0.04629826545715332,-1.5930445194244385,-0.08573293685913086,0.4970289468765259,0.13077278435230255,0.5983263850212097,3.1168078738224017,0.02457331288088691,1.584156755397484,167.59719438877755,81.18637274549098,128.0,128.0
42,2.1,-0.0731194019317627,-0.3255271911621094,1.9160330295562744,-0.04723501205444336,-1.5934488773345947,-0.08733701705932617,0.49803459644317627,0.1300019919872284,0.5984333157539368,3.116339343684902,0.025062961397431624,1.5844192410567035,167.1891348088531,81.77665995975855,128.0,128.0
43,2.15,-0.07442021369934082,-0.3241720199584961,1.9150645732879639,-0.04815959930419922,-1.5938475131988525,-0.08892059326171875,0.49902811646461487,0.12923885881900787,0.5985379219055176,3.115879064155279,0.025547194868445106,1.5846785399050611,166.86947791164658,82.13052208835342,128.0,128.0
44,2.2,-0.07570624351501465,-0.32282400131225586,1.9141008853912354,-0.04907822608947754,-1.5942413806915283,-0.09048748016357422,0.5000146627426147,0.1284819096326828,0.5986413359642029,3.1154229986055944,0.026027996477058404,1.584935505919905,166.52535496957404,82.60446247464503,128.0,128.0
45,2.25,-0.07697677612304688,-0.3214871883392334,1.9131433963775635,-0.04998660087585449,-1.5946309566497803,-0.09203624725341797,0.5009915232658386,0.1277312934398651,0.5987433791160583,3.114972799767732,0.026504115695842607,1.5851901310423682,166.13104838709677,83.06451612903226,128.0,128.0
46,2.3000000000000003,-0.07823038101196289,-0.3201608657836914,1.9121944904327393,-0.050887107849121094,-1.5950148105621338,-0.0935659408569336,0.5019585490226746,0.1269879788160324,0.5988433361053467,3.1145284491779566,0.026975550047287758,1.585441740902498,165.81578947368422,83.50202429149797,128.0,128.0
47,2.35,-0.07946991920471191,-0.3188445568084717,1.9112522602081299,-0.05177903175354004,-1.5953943729400635,-0.09507918357849121,0.5029170513153076,0.12625084817409515,0.598942220211029,3.11408953540596,0.027442796528427137,1.5856913526289256,165.44354838709677,83.91733870967742,128.0,128.0
48,2.4000000000000004,-0.08069324493408203,-0.317537784576416,1.9103167057037354,-0.052663564682006836,-1.5957691669464111,-0.09657406806945801,0.5038668513298035,0.12552060186862946,0.5990387797355652,3.1136563348159414,0.027905905757479494,1.5859387917791692,165.08835341365463,84.25100401606426,128.0,128.0
49,2.45,-0.08190131187438965,-0.3162376880645752,1.909386396408081,-0.0535433292388916,-1.5961387157440186,-0.09805154800415039,0.5048097968101501,0.12479710578918457,0.5991336703300476,3.1132267685775785,0.028364316578229125,1.586183721489517,164.79032258064515,84.85282258064517,128.0,128.0
50,2.5,-0.08309626579284668,-0.3149535655975342,1.9084656238555908,-0.05440831184387207,-1.5965044498443604,-0.09951353073120117,0.5057405829429626,0.12407927215099335,0.5992274284362793,3.1128048939584456,0.028819031331381847,1.5864256296555541,164.33805668016194,85.16396761133603,128.0,128.0
51,2.5500000000000003,-0.08427286148071289,-0.3136751651763916,1.907550573348999,-0.05527019500732422,-1.5968639850616455,-0.10095500946044922,0.5066646337509155,0.12336981296539307,0.5993185639381409,3.1123870115107963,0.02926805921223966,1.5866658750715639,164.08704453441297,85.6842105263158,128.0,128.0
52,2.6,-0.08543825149536133,-0.3124105930328369,1.9066431522369385,-0.056119680404663086,-1.5972206592559814,-0.10238289833068848,0.5075780749320984,0.12266533821821213,0.5994089841842651,3.1119759250799857,0.029713870090706695,1.5869036058563384,163.84040404040405,85.98787878787878,128.0,128.0
53,2.6500000000000004,-0.08659195899963379,-0.31115245819091797,1.9057395458221436,-0.056963205337524414,-1.5975730419158936,-0.10379719734191895,0.5084855556488037,0.1219654381275177,0.5994985699653625,3.111568356635857,0.03015689558640055,1.5871395039250373,163.4204081632653,86.42040816326531,128.0,128.0
54,2.7,-0.08772897720336914,-0.3099045753479004,1.9048445224761963,-0.05779886245727539,-1.5979206562042236,-0.10519289970397949,0.5093838572502136,0.1212734654545784,0.5995855927467346,3.111166082547314,0.030594198782152086,1.5873728841614603,163.07676767676767,86.85656565656565,128.0,128.0
55,2.75,-0.0888516902923584,-0.3086671829223633,1.903956651687622,-0.05862569808959961,-1.5982635021209717,-0.10657143592834473,0.5102732181549072,0.1205880343914032,0.599671483039856,3.1107698844940543,0.031027509699727306,1.5876042559946948,162.82388663967612,87.17611336032388,128.0,128.0
56,2.8000000000000003,-0.08996295928955078,-0.3074369430541992,1.9030730724334717,-0.059446096420288086,-1.5986030101776123,-0.10793685913085938,0.5111560225486755,0.11990756541490555,0.5997560024261475,3.11037819950248,0.031457414277292366,1.5878332856242072,162.47454175152748,87.60285132382892,128.0,128.0
57,2.85,-0.09106016159057617,-0.3062174320220947,1.9021975994110107,-0.06025862693786621,-1.598937749862671,-0.10928583145141602,0.5120298862457275,0.11923346668481827,0.59983891248703,3.1099917281565435,0.031882647735094326,1.5880601336832043,162.1237322515213,88.04259634888439,128.0,128.0
58,2.9000000000000004,-0.09214305877685547,-0.3050086498260498,1.9013292789459229,-0.06106209754943848,-1.5992681980133057,-0.11061859130859375,0.5128946304321289,0.11856623739004135,0.5999196767807007,3.109610632946362,0.03230362537854539,1.5882842948746854,161.8861788617886,88.3191056910569,128.0,128.0
59,2.95,-0.0932152271270752,-0.3038058280944824,1.9004642963409424,-0.061860084533691406,-1.5995957851409912,-0.1119391918182373,0.5137538909912109,0.11790350824594498,0.5999999046325684,3.1092328628521946,0.03272215709850955,1.5885076386103447,161.62424242424242,88.76969696969697,128.0,128.0
60,3.0,-0.09427666664123535,-0.3026149272918701,1.8996069431304932,-0.06264758110046387,-1.5999195575714111,-0.11324667930603027,0.5146040320396423,0.11724571883678436,0.6000795364379883,3.108860639738787,0.03313682226534563,1.5887282897760306,161.22222222222223,89.12525252525252,128.0,128.0
61,3.0500000000000003,-0.0953221321105957,-0.30143213272094727,1.8987562656402588,-0.06342911720275879,-1.600238561630249,-0.11453580856323242,0.5154464840888977,0.11659560352563858,0.6001567840576172,3.1084931615283393,0.033546558479838194,1.5889469293746314,160.92073170731706,89.4979674796748,128.0,128.0
62,3.1,-0.09635543823242188,-0.3002583980560303,1.8979113101959229,-0.06420302391052246,-1.600553274154663,-0.11581039428710938,0.5162813067436218,0.11595118790864944,0.6002324819564819,3.108130531575731,0.033952464502562174,1.5891633867215293,160.75303643724698,89.87044534412955,128.0,128.0
63,3.1500000000000004,-0.0973808765411377,-0.29909443855285645,1.8970720767974854,-0.06496763229370117,-1.6008660793304443,-0.11707568168640137,0.5171085000038147,0.1153101772069931,0.6003086566925049,3.107772536038947,0.034355796931616125,1.5893780018535957,160.23123732251523,90.17038539553752,128.0,128.0
64,3.2,-0.09838676452636719,-0.29793620109558105,1.896239995956421,-0.06572937965393066,-1.601172685623169,-0.11831903457641602,0.5179295539855957,0.11467878520488739,0.6003808975219727,3.107418577882102,0.03475292392876172,1.589590093565453,160.02235772357724,90.67073170731707,128.0,128.0
65,3.25,-0.09938406944274902,-0.29679203033447266,1.8954155445098877,-0.06647920608520508,-1.6014764308929443,-0.1195516586303711,0.5187398791313171,0.11405155807733536,0.6004526615142822,3.1070713684328,0.03514736962849435,1.5898003390956936,159.8,90.91919191919192,128.0,128.0
66,3.3000000000000003,-0.1003715991973877,-0.2956535816192627,1.894594430923462,-0.06722354888916016,-1.6017773151397705,-0.1207733154296875,0.5195456147193909,0.11342856287956238,0.600523829460144,3.106726777005935,0.035539058301957666,1.5900087463564285,159.4378818737271,91.28513238289206,128.0,128.0
67,3.35,-0.10134530067443848,-0.2945239543914795,1.8937804698944092,-0.06796097755432129,-1.6020739078521729,-0.1219789981842041,0.5203434228897095,0.1128125935792923,0.6005935668945312,3.106386553483839,0.035925924042862864,1.5902156405572245,159.15510204081633,91.71224489795918,128.0,128.0
68,3.4000000000000004,-0.10230803489685059,-0.29340577125549316,1.8929741382598877,-0.06868934631347656,-1.6023671627044678,-0.12317132949829102,0.5211323499679565,0.11220186948776245,0.6006614565849304,3.1060520511720515,0.036309528267605445,1.5904201853270448,158.91649694501018,91.9633401221996,128.0,128.0
69,3.45,-0.10326075553894043,-0.29229307174682617,1.8921711444854736,-0.0694115161895752,-1.6026570796966553,-0.12435221672058105,0.521916389465332,0.11159579455852509,0.6007290482521057,3.105720814980028,0.036689647763658906,1.5906232208120645,158.6447638603696,92.32648870636551,128.0,128.0
70,3.5,-0.1042027473449707,-0.29118990898132324,1.8913748264312744,-0.07012677192687988,-1.6029436588287354,-0.1255202293395996,0.522692859172821,0.11099490523338318,0.6007950305938721,3.105394698233253,0.03706648792524603,1.5908242395433085,158.32991803278688,92.67008196721312,128.0,128.0
71,3.5500000000000003,-0.1051328182220459,-0.29009532928466797,1.89058518409729,-0.07083487510681152,-1.6032264232635498,-0.12667417526245117,0.5234618782997131,0.11040013283491135,0.6008597612380981,3.1050727455899763,0.037439161850518404,1.591023412252612,158.02235772357724,93.01219512195122,128.0,128.0
72,3.6,-0.10605096817016602,-0.28900933265686035,1.8898017406463623,-0.07153630256652832,-1.6035058498382568,-0.12781453132629395,0.5242237448692322,0.10981114953756332,0.6009227633476257,3.104755387486799,0.03780755297974519,1.591220561138163,157.78028747433265,93.30390143737166,128.0,128.0
73,3.6500000000000004,-0.10695958137512207,-0.2879302501678467,1.8890230655670166,-0.07223129272460938,-1.6037819385528564,-0.12894368171691895,0.5249796509742737,0.10922681540250778,0.6009846925735474,3.1044418464252708,0.03817311480087941,1.5914160354019444,157.47745901639345,93.64754098360656,128.0,128.0
74,3.7,-0.10785651206970215,-0.28686022758483887,1.8882505893707275,-0.07291936874389648,-1.6040546894073486,-0.13005924224853516,0.5257285833358765,0.10864817351102829,0.6010454893112183,3.1041327797937375,0.03853475388113565,1.5916098308883986,157.19066937119675,93.99391480730223,128.0,128.0
75,3.75,-0.10874271392822266,-0.2857990264892578,1.8874847888946533,-0.07360029220581055,-1.6043236255645752,-0.13116192817687988,0.526470422744751,0.10807520896196365,0.6011048555374146,3.1038279467360117,0.038892866712434054,1.5918017713245791,156.9551020408163,94.25102040816327,128.0,128.0
76,3.8000000000000003,-0.1096196174621582,-0.2847440242767334,1.886723279953003,-0.07427597045898438,-1.6045901775360107,-0.13225364685058594,0.5272064805030823,0.10750661790370941,0.6011632680892944,3.103526433969338,0.0392474101983867,1.5919920331732313,156.78004073319755,94.62932790224032,128.0,128.0
77,3.85,-0.1104893684387207,-0.28369975090026855,1.8859684467315674,-0.07494258880615234,-1.6048548221588135,-0.13333678245544434,0.527935266494751,0.10694164782762527,0.6012212634086609,3.103229880529255,0.039600207797296026,1.592180618061637,156.38114754098362,94.92827868852459,128.0,128.0
78,3.9000000000000004,-0.11134481430053711,-0.28266239166259766,1.8852202892303467,-0.07560443878173828,-1.605114221572876,-0.13440322875976562,0.5286571979522705,0.1063840240240097,0.601276695728302,3.1029373917430765,0.03994764815416137,1.5923670057623645,156.17073170731706,95.17073170731707,128.0,128.0
79,3.95,-0.11219167709350586,-0.2816307544708252,1.8844759464263916,-0.07626175880432129,-1.6053712368011475,-0.13545966148376465,0.5293744206428528,0.10583057254552841,0.6013315320014954,3.10264780558596,0.04029234965654494,1.5925523920126516,155.91615541922292,95.56237218813907,128.0,128.0
80,4.0,-0.11302924156188965,-0.2806100845336914,1.8837387561798096,-0.07690930366516113,-1.6056253910064697,-0.1365048885345459,0.5300831198692322,0.10528218746185303,0.6013849973678589,3.102362832968529,0.04063381965767558,1.5927355871389615,155.75303643724698,95.87044534412955,128.0,128.0
81,4.05,-0.1138601303100586,-0.2795979976654053,1.8830063343048096,-0.07754993438720703,-1.6058781147003174,-0.1375417709350586,0.5307863354682922,0.10473678261041641,0.601438581943512,3.102082382290717,0.040973091393387506,1.5929174366500576,155.35234215885947,96.15682281059063,128.0,128.0
82,4.1000000000000005,-0.11467695236206055,-0.2785923480987549,1.8822805881500244,-0.0781853199005127,-1.606126070022583,-0.13856244087219238,0.531482994556427,0.10419917106628418,0.6014894843101501,3.1018054816600316,0.04130759892577266,1.5930970940497622,155.18200408997956,96.4478527607362,128.0,128.0
83,4.15,-0.11548686027526855,-0.27759480476379395,1.8815596103668213,-0.07881450653076172,-1.6063716411590576,-0.13957500457763672,0.5321736335754395,0.10366471111774445,0.6015400886535645,3.101532542814724,0.041639540037768784,1.593275576709603,154.91093117408906,96.82388663967612,128.0,128.0
84,4.2,-0.1162872314453125,-0.2766075134277344,1.8808457851409912,-0.07943511009216309,-1.606614351272583,-0.14057540893554688,0.5328563451766968,0.10313567519187927,0.6015897989273071,3.1012641479823517,0.04196777115926815,1.5934520345730026,154.78861788617886,97.02032520325203,128.0,128.0
85,4.25,-0.11708188056945801,-0.27562522888183594,1.8801343441009521,-0.08005094528198242,-1.6068556308746338,-0.1415698528289795,0.5335350036621094,0.10260898619890213,0.6016390323638916,3.100998357729046,0.04229446116893773,1.593627489210278,154.45398773006136,97.33333333333333,128.0,128.0
86,4.3,-0.11786484718322754,-0.27465081214904785,1.8794291019439697,-0.08066082000732422,-1.607093095779419,-0.14255023002624512,0.534207284450531,0.10208870470523834,0.6016867160797119,3.1007363873824016,0.042616750444081926,1.5938014269568703,154.18930041152262,97.60082304526749,128.0,128.0
87,4.3500000000000005,-0.11863827705383301,-0.2736830711364746,1.878730058670044,-0.08126521110534668,-1.6073276996612549,-0.14351940155029297,0.5348740816116333,0.10157347470521927,0.6017332077026367,3.1004776793564846,0.0429359625227534,1.593973508575021,153.95714285714286,97.89183673469388,128.0,128.0
88,4.4,-0.11940312385559082,-0.2727231979370117,1.8780357837677002,-0.0818634033203125,-1.6075599193572998,-0.14447832107543945,0.5355345010757446,0.10106272250413895,0.601778507232666,3.1002234292910043,0.043251957892752046,1.594144075935392,153.81632653061226,98.10408163265306,128.0,128.0
89,4.45,-0.1201622486114502,-0.27176880836486816,1.877345323562622,-0.08245682716369629,-1.607790231704712,-0.145430326461792,0.5361908674240112,0.10055474936962128,0.601823627948761,3.0999715288481315,0.04356623545287475,1.594313638222473,153.48765432098764,98.42592592592592,128.0,128.0
90,4.5,-0.1209099292755127,-0.27082324028015137,1.876662015914917,-0.08304452896118164,-1.6080167293548584,-0.14636898040771484,0.5368402600288391,0.10005307197570801,0.6018669605255127,3.0997237746894983,0.04387610546360716,1.5944811678977917,153.29423868312756,98.70576131687243,128.0,128.0
91,4.55,-0.12165045738220215,-0.2698850631713867,1.875983476638794,-0.08362483978271484,-1.608241319656372,-0.14729905128479004,0.5374839305877686,0.09955518692731857,0.6019092202186584,3.0994794179516028,0.04418357953467972,1.5946473546583118,153.010183299389,98.989816700611,128.0,128.0
92,4.6000000000000005,-0.12238121032714844,-0.2689545154571533,1.8753106594085693,-0.08419942855834961,-1.6084630489349365,-0.14821720123291016,0.5381213426589966,0.09906264394521713,0.6019505858421326,3.099239258454368,0.044487290763710975,1.594812018695233,152.87169042769858,99.19144602851324,128.0,128.0
93,4.65,-0.12310624122619629,-0.26802897453308105,1.8746411800384521,-0.08476972579956055,-1.6086828708648682,-0.14912843704223633,0.538754940032959,0.09857289493083954,0.6019914746284485,3.0990010950645934,0.0447891172039231,1.5949755089358029,152.5514403292181,99.5,128.0,128.0
94,4.7,-0.12382030487060547,-0.26711177825927734,1.8739783763885498,-0.08533406257629395,-1.6088988780975342,-0.15002679824829102,0.539381742477417,0.09808926284313202,0.6020305752754211,3.098767294000317,0.045086872044981616,1.5951367943492853,152.29423868312756,99.70576131687243,128.0,128.0
95,4.75,-0.12452507019042969,-0.26619958877563477,1.8733198642730713,-0.08589458465576172,-1.6091125011444092,-0.15091443061828613,0.5400046110153198,0.09761065989732742,0.6020688414573669,3.098535889547581,0.04538089988924728,1.5952969035009827,152.0591836734694,100.02857142857142,128.0,128.0
96,4.800000000000001,-0.12522196769714355,-0.26529645919799805,1.8726685047149658,-0.08644747734069824,-1.6093237400054932,-0.15179204940795898,0.5406202673912048,0.09713651984930038,0.6021058559417725,3.098308716261571,0.045672337630552326,1.595455660278399,151.9366053169734,100.23312883435582,128.0,128.0
97,4.8500000000000005,-0.1259138584136963,-0.26439881324768066,1.8720190525054932,-0.08699488639831543,-1.6095330715179443,-0.1526639461517334,0.5412319302558899,0.09666480869054794,0.6021425724029541,3.098084905786377,0.04596191955168409,1.595613070546117,151.68595041322314,100.46487603305785,128.0,128.0
98,4.9,-0.12659692764282227,-0.2635071277618408,1.8713757991790771,-0.08753848075866699,-1.6097395420074463,-0.15352559089660645,0.5418388843536377,0.09619792550802231,0.6021780967712402,3.0978637364575206,0.04624791112337726,1.5957691310023137,151.48865979381443,100.78556701030928,128.0,128.0
99,4.95,-0.1272733211517334,-0.26262450218200684,1.8707382678985596,-0.0880746841430664,-1.6099441051483154,-0.15437841415405273,0.5424387454986572,0.09573493897914886,0.6022126078605652,3.097646580282635,0.04653130720142432,1.5959240086726936,151.1930894308943,101.02642276422765,128.0,128.0
100,5.0,-0.12793946266174316,-0.2617480754852295,1.8701059818267822,-0.08860564231872559,-1.6101458072662354,-0.15521979331970215,0.5430337190628052,0.09527760744094849,0.6022458672523499,3.097432706755757,0.04681099711197934,1.5960768507516727,151.0487804878049,101.14837398373983,128.0,128.0
101,5.050000000000001,-0.1285998821258545,-0.26087450981140137,1.8694756031036377,-0.08913350105285645,-1.6103451251983643,-0.15605449676513672,0.5436260104179382,0.09482321888208389,0.6022786498069763,3.0972210795214585,0.04708859058680857,1.5962293728747907,150.82751540041068,101.50308008213553,128.0,128.0
102,5.1000000000000005,-0.12925314903259277,-0.2600111961364746,1.8688523769378662,-0.08965444564819336,-1.6105425357818604,-0.15687990188598633,0.5442110896110535,0.09437300264835358,0.6023104190826416,3.0970137160486613,0.04736313607132861,1.5963800274154136,150.69795918367348,101.81428571428572,128.0,128.0
103,5.15,-0.12990188598632812,-0.2591569423675537,1.868234395980835,-0.09016728401184082,-1.61073899269104,-0.1576993465423584,0.544789731502533,0.09392539411783218,0.6023420095443726,3.0968098746243884,0.04763612571322771,1.5965294986500942,150.36550308008214,101.97741273100615,128.0,128.0
104,5.2,-0.1305391788482666,-0.25830626487731934,1.8676211833953857,-0.09067845344543457,-1.610931634902954,-0.15850591659545898,0.545365035533905,0.09348413348197937,0.6023716330528259,3.0966081921509416,0.047904695021081696,1.5966772762514174,150.17073170731706,102.17073170731707,128.0,128.0
105,5.25,-0.13116955757141113,-0.2574608325958252,1.867011308670044,-0.09118533134460449,-1.6111223697662354,-0.15930438041687012,0.5459360480308533,0.09304659068584442,0.6024006605148315,3.0964087375423937,0.04817099815013687,1.5968242154411256,150.01437371663243,102.45790554414785,128.0,128.0
106,5.300000000000001,-0.13179469108581543,-0.2566237449645996,1.8664066791534424,-0.09168434143066406,-1.611311674118042,-0.1600956916809082,0.5465011596679688,0.09261219203472137,0.6024295091629028,3.0962128936822677,0.048435280543236384,1.596969634639457,149.83095723014256,102.76171079429736,128.0,128.0
107,5.3500000000000005,-0.13241362571716309,-0.2557952404022217,1.8658082485198975,-0.09217691421508789,-1.6114990711212158,-0.16087985038757324,0.5470594763755798,0.09218141436576843,0.6024577617645264,3.0960217612526066,0.048697320561765484,1.5971136969799746,149.70731707317074,102.88821138211382,128.0,128.0
108,5.4,-0.1330277919769287,-0.25497007369995117,1.8652122020721436,-0.0926663875579834,-1.611685037612915,-0.16165804862976074,0.5476162433624268,0.09175293892621994,0.6024852991104126,3.09583196037414,0.04895745825912848,1.5972572613828917,149.40246406570841,103.13757700205339,128.0,128.0
109,5.45,-0.13363194465637207,-0.2541515827178955,1.864621877670288,-0.09315109252929688,-1.6118676662445068,-0.16242456436157227,0.5481666922569275,0.09133048355579376,0.6025111079216003,3.0956454605317494,0.04921367904029934,1.5973987862834782,149.18571428571428,103.30204081632652,128.0,128.0
110,5.5,-0.13422870635986328,-0.25333690643310547,1.8640358448028564,-0.09363317489624023,-1.6120483875274658,-0.16318225860595703,0.5487139225006104,0.09091207385063171,0.6025359034538269,3.0954613772258717,0.04946685660246746,1.5975396392236054,149.07172131147541,103.6188524590164,128.0,128.0
111,5.550000000000001,-0.13482165336608887,-0.2525320053100586,1.863455057144165,-0.09410667419433594,-1.6122276782989502,-0.16393470764160156,0.549254834651947,0.09049603343009949,0.6025604009628296,3.095281335804924,0.04971873774113382,1.5976788040918084,148.86530612244897,103.86530612244898,128.0,128.0
112,5.6000000000000005,-0.1354076862335205,-0.25173401832580566,1.8628795146942139,-0.09457516670227051,-1.6124050617218018,-0.16467881202697754,0.5497903227806091,0.090084008872509,0.6025841236114502,3.0951046887731817,0.04996759192284366,1.5978169492931948,148.70081967213116,104.05122950819673,128.0,128.0
113,5.65,-0.1359882354736328,-0.25094103813171387,1.8623073101043701,-0.09503936767578125,-1.6125805377960205,-0.16541600227355957,0.5503223538398743,0.08967515081167221,0.6026074886322021,3.094929989221935,0.050214167387736715,1.5979537404161632,148.48559670781893,104.21399176954732,128.0,128.0
114,5.7,-0.13656115531921387,-0.2501523494720459,1.861738920211792,-0.09550023078918457,-1.6127541065216064,-0.16614484786987305,0.550850510597229,0.0892704576253891,0.6026296019554138,3.094757759496832,0.05045806392377195,1.5980895171483214,148.2680412371134,104.48453608247422,128.0,128.0
115,5.75,-0.13712716102600098,-0.24937129020690918,1.8611767292022705,-0.09595561027526855,-1.6129248142242432,-0.16686487197875977,0.5513730049133301,0.08886993676424026,0.6026510000228882,3.0945886627718937,0.050699542407815455,1.5982241098251857,148.0633946830266,104.76687116564418,128.0,128.0
116,5.800000000000001,-0.13768672943115234,-0.24859833717346191,1.8606207370758057,-0.0964045524597168,-1.6130940914154053,-0.16757702827453613,0.5518894791603088,0.08847364038228989,0.6026710271835327,3.094423405779721,0.0509375679094332,1.5983575128905527,147.95714285714286,104.89183673469388,128.0,128.0
117,5.8500000000000005,-0.13824224472045898,-0.24782872200012207,1.8600666522979736,-0.09685063362121582,-1.613262414932251,-0.16828417778015137,0.5524036288261414,0.08807918429374695,0.6026909351348877,3.0942602079510895,0.05117422332548318,1.5984899047932648,147.80651731160896,105.0386965376782,128.0,128.0
118,5.9,-0.1387925148010254,-0.24706292152404785,1.8595154285430908,-0.09729337692260742,-1.6134283542633057,-0.16898512840270996,0.552914559841156,0.08768773078918457,0.6027100682258606,3.094098685744217,0.05140913223927609,1.5986212886685982,147.619341563786,105.32921810699588,128.0,128.0
119,5.95,-0.13933682441711426,-0.2463057041168213,1.8589699268341064,-0.09772968292236328,-1.613593339920044,-0.1696789264678955,0.5534193515777588,0.08729992806911469,0.6027286052703857,3.0939407865338846,0.05164133654963132,1.5987516495636052,147.38923395445136,105.54451345755693,128.0,128.0
120,6.0,-0.13987374305725098,-0.24555420875549316,1.858429193496704,-0.09816122055053711,-1.6137559413909912,-0.1703636646270752,0.5539198517799377,0.08691658079624176,0.6027462482452393,3.093785540359716,0.051870970732357,1.5988809975286271,147.21971252566735,105.69609856262834,128.0,128.0
121,6.050000000000001,-0.14040493965148926,-0.24480700492858887,1.8578922748565674,-0.09858965873718262,-1.6139166355133057,-0.17104125022888184,0.5544171333312988,0.08653658628463745,0.602763295173645,3.0936325930204567,0.05209815883689438,1.5990089895457484,146.99591002044988,105.93456032719837,128.0,128.0
122,6.1000000000000005,-0.1409289836883545,-0.24406647682189941,1.8573601245880127,-0.09901285171508789,-1.614074945449829,-0.17171025276184082,0.5549089908599854,0.08616086095571518,0.602778971195221,3.0934826649649048,0.05232229517126939,1.5991356206969187,146.93673469387755,106.0530612244898,128.0,128.0
123,6.15,-0.1414504051208496,-0.24332928657531738,1.8568298816680908,-0.09943294525146484,-1.6142327785491943,-0.17237615585327148,0.5553989410400391,0.08578631281852722,0.6027951836585999,3.093334099550424,0.052545699489520495,1.599261750367642,146.70576131687244,106.29423868312757,128.0,128.0
124,6.2,-0.14196467399597168,-0.2425987720489502,1.8563048839569092,-0.09984803199768066,-1.6143882274627686,-0.1730334758758545,0.5558836460113525,0.08541631698608398,0.6028099656105042,3.093188686690332,0.0527660399576505,1.5993863501705021,146.540206185567,106.45360824742268,128.0,128.0
125,6.25,-0.14247345924377441,-0.24187254905700684,1.855783224105835,-0.10025978088378906,-1.6145422458648682,-0.17368412017822266,0.5563643574714661,0.08504951745271683,0.6028240919113159,3.093045317787565,0.05298398290004317,1.5995104460142493,146.32991803278688,106.67008196721312,128.0,128.0
126,6.300000000000001,-0.1429755687713623,-0.24115252494812012,1.8552677631378174,-0.10066723823547363,-1.6146938800811768,-0.17432689666748047,0.5568413734436035,0.08468682318925858,0.6028376221656799,3.0929046496447303,0.0531993682705045,1.5996331827465315,146.13469387755103,106.88163265306123,128.0,128.0
127,6.3500000000000005,-0.14347147941589355,-0.24043846130371094,1.8547561168670654,-0.10107016563415527,-1.6148436069488525,-0.17496156692504883,0.5573137998580933,0.08432790637016296,0.6028496026992798,3.092767321182138,0.053411798240146365,1.5997547318712113,146.03462321792261,107.0346232179226,128.0,128.0
128,6.4,-0.14396381378173828,-0.2397289276123047,1.8542473316192627,-0.10146951675415039,-1.614992380142212,-0.17559218406677246,0.5577825307846069,0.08397094905376434,0.6028615832328796,3.0926315606258483,0.05362302735878529,1.599875604303183,145.89591836734695,107.18367346938776,128.0,128.0
129,6.45,-0.14445161819458008,-0.23902344703674316,1.8537418842315674,-0.10186481475830078,-1.6151401996612549,-0.17621707916259766,0.5582486987113953,0.08361679315567017,0.6028731465339661,3.092497555925467,0.05383235985882569,1.599995287431652,145.67078189300412,107.38065843621399,128.0,128.0
130,6.5,-0.14493227005004883,-0.23832345008850098,1.8532402515411377,-0.10225629806518555,-1.6152856349945068,-0.1768336296081543,0.5587103962898254,0.08326676487922668,0.6028835773468018,3.092366507824239,0.05403929220867917,1.6001141277280382,145.51234567901236,107.57407407407408,128.0,128.0
131,6.550000000000001,-0.14540791511535645,-0.23762893676757812,1.8527438640594482,-0.10264396667480469,-1.6154301166534424,-0.1774442195892334,0.5591678619384766,0.08292004466056824,0.6028935313224792,3.0922376588319196,0.05424399617352661,1.6002319473008024,145.380658436214,107.67078189300412,128.0,128.0
132,6.6000000000000005,-0.14587903022766113,-0.2369370460510254,1.8522493839263916,-0.10302996635437012,-1.615572214126587,-0.17804932594299316,0.559623658657074,0.08257567882537842,0.6029025912284851,3.092110404693541,0.05444677754169219,1.6003492666198915,145.19348268839104,107.9613034623218,128.0,128.0
133,6.65,-0.14634466171264648,-0.2362537384033203,1.8517615795135498,-0.1034088134765625,-1.615713357925415,-0.17864727973937988,0.5600728988647461,0.08223514258861542,0.602911114692688,3.0919860777701076,0.054646847076267484,1.6004652177199177,145.03462321792261,108.0346232179226,128.0,128.0
134,6.7,-0.1468045711517334,-0.23557209968566895,1.8512752056121826,-0.10378646850585938,-1.6158525943756104,-0.17923903465270996,0.5605208277702332,0.08189769834280014,0.6029183268547058,3.091863822043876,0.05484500711742396,1.6005803242575627,144.9366053169734,108.23312883435582,128.0,128.0
135,6.75,-0.1472616195678711,-0.23489642143249512,1.8507931232452393,-0.10415935516357422,-1.6159908771514893,-0.1798264980316162,0.5609644651412964,0.08156214654445648,0.6029257774353027,3.09174385919661,0.05504209185762206,1.6006947575740975,144.76701030927836,108.44536082474227,128.0,128.0
136,6.800000000000001,-0.14771342277526855,-0.23422694206237793,1.8503153324127197,-0.10452699661254883,-1.6161272525787354,-0.18040776252746582,0.5614039897918701,0.08123001456260681,0.6029326319694519,3.091626784056816,0.05523628089791327,1.6008080004529175,144.55737704918033,108.625,128.0,128.0
137,6.8500000000000005,-0.14815878868103027,-0.23356246948242188,1.849841833114624,-0.10489153861999512,-1.6162617206573486,-0.18098068237304688,0.5618394613265991,0.08090189844369888,0.6029380559921265,3.0915119726203844,0.055427743606382404,1.6009202201619808,144.45790554414785,108.80903490759754,128.0,128.0
138,6.9,-0.14860081672668457,-0.23290348052978516,1.8493711948394775,-0.10525107383728027,-1.6163952350616455,-0.1815500259399414,0.5622711181640625,0.08057568967342377,0.6029439568519592,3.0913991404678858,0.055617748449545486,1.601031252892955,144.23625254582484,108.9755600814664,128.0,128.0
139,6.95,-0.14903616905212402,-0.23224902153015137,1.8489058017730713,-0.10560798645019531,-1.6165268421173096,-0.18211102485656738,0.562699019908905,0.08025385439395905,0.6029486060142517,3.091288365399308,0.05580487816000596,1.601141432328495,144.14052953156823,109.10997963340122,128.0,128.0
140,7.0,-0.14946818351745605,-0.2315986156463623,1.848442792892456,-0.10596108436584473,-1.6166574954986572,-0.18266797065734863,0.563124418258667,0.07993385940790176,0.6029528379440308,3.091179861454218,0.05599081018036245,1.601251103547907,144.0224032586558,109.21792260692465,128.0,128.0
141,7.050000000000001,-0.14989638328552246,-0.23095107078552246,1.8479821681976318,-0.10631203651428223,-1.6167871952056885,-0.18322014808654785,0.5635471940040588,0.07961607724428177,0.602956235408783,3.091072879226644,0.05617517273901946,1.6013597649408466,143.88957055214723,109.43353783231083,128.0,128.0
142,7.1000000000000005,-0.15032052993774414,-0.23030972480773926,1.8475263118743896,-0.1066584587097168,-1.6169159412384033,-0.18376779556274414,0.5639657378196716,0.07930110394954681,0.602959394454956,3.0909683978174725,0.05635795854212788,1.6014677461599647,143.78004073319755,109.62932790224032,128.0,128.0
143,7.15,-0.1507413387298584,-0.2296745777130127,1.847074270248413,-0.10699939727783203,-1.6170432567596436,-0.1843111515045166,0.5643803477287292,0.07898823916912079,0.6029621958732605,3.090866684997503,0.05653933406036454,1.601575056320263,143.69795918367348,109.81428571428572,128.0,128.0
144,7.2,-0.15115976333618164,-0.22904491424560547,1.8466260433197021,-0.10733628273010254,-1.6171696186065674,-0.18485045433044434,0.5647909045219421,0.07867705076932907,0.6029651761054993,3.0907672923337683,0.05671934093595667,1.601681857693982,143.39835728952772,109.90965092402465,128.0,128.0
145,7.25,-0.15156865119934082,-0.22841739654541016,1.8461816310882568,-0.10767292976379395,-1.617293119430542,-0.1853790283203125,0.5651992559432983,0.07837167382240295,0.6029660105705261,3.0906692055509932,0.05689491973997759,1.6017871148520393,143.2520325203252,110.09552845528455,128.0,128.0
146,7.300000000000001,-0.15197300910949707,-0.22779536247253418,1.8457410335540771,-0.10800457000732422,-1.6174156665802002,-0.18590211868286133,0.5656037330627441,0.07806897163391113,0.6029661893844604,3.090573374412934,0.05706893502378465,1.6018911842007855,143.17073170731706,110.17073170731707,128.0,128.0
147,7.3500000000000005,-0.1523745059967041,-0.22717523574829102,1.845301866531372,-0.10833454132080078,-1.6175367832183838,-0.18642163276672363,0.5660064816474915,0.07776807993650436,0.60296630859375,3.0904787987213873,0.057241912102676124,1.6019950874360862,143.079107505071,110.3184584178499,128.0,128.0
148,7.4,-0.15277314186096191,-0.22655940055847168,1.8448660373687744,-0.10866117477416992,-1.6176578998565674,-0.18693757057189941,0.5664064288139343,0.07746899127960205,0.6029659509658813,3.0903859244592273,0.05741346209300886,1.6020981442589772,142.9262295081967,110.5860655737705,128.0,128.0
149,7.45,-0.153167724609375,-0.2259519100189209,1.844435453414917,-0.10898113250732422,-1.6177771091461182,-0.18744802474975586,0.5668007135391235,0.07717279344797134,0.6029654741287231,3.090296900751597,0.05758312810901694,1.6022003545173709,142.8272357723577,110.78658536585365,128.0,128.0
150,7.5,-0.15355944633483887,-0.22535061836242676,1.8440096378326416,-0.10929632186889648,-1.617896318435669,-0.18795466423034668,0.5671907067298889,0.07687872648239136,0.6029642820358276,3.0902103979099937,0.057751204034041256,1.6023012032085706,142.70731707317074,110.85975609756098,128.0,128.0
151,7.550000000000001,-0.153947114944458,-0.22475099563598633,1.8435847759246826,-0.10960984230041504,-1.618013620376587,-0.18845629692077637,0.5675790309906006,0.07658689469099045,0.6029627323150635,3.0901251123706674,0.05791792382624748,1.6024020558659091,142.53783231083844,110.95910020449898,128.0,128.0
152,7.6000000000000005,-0.15432953834533691,-0.22415399551391602,1.843163251876831,-0.10992121696472168,-1.6181294918060303,-0.18895173072814941,0.5679658055305481,0.07629838585853577,0.6029605269432068,3.0900409753713447,0.05808220815994656,1.6025017164203845,142.31364562118125,111.12627291242363,128.0,128.0
153,7.65,-0.15470504760742188,-0.22356176376342773,1.8427460193634033,-0.1102290153503418,-1.6182429790496826,-0.189439058303833,0.5683485269546509,0.07601417601108551,0.602957010269165,3.089959671796526,0.0582435888055304,1.6026003491523726,142.18533604887983,111.19144602851324,128.0,128.0
154,7.7,-0.155076265335083,-0.22297120094299316,1.8423311710357666,-0.11053657531738281,-1.6183555126190186,-0.18992185592651367,0.5687296390533447,0.07573238015174866,0.6029525995254517,3.0898792749539976,0.05840291749759086,1.6026983014320595,142.12627291242362,111.31364562118127,128.0,128.0
155,7.75,-0.15544581413269043,-0.22238421440124512,1.8419182300567627,-0.11084103584289551,-1.618467092514038,-0.19040179252624512,0.5691081881523132,0.07545185089111328,0.6029478907585144,3.0898007052748553,0.05856171332653321,1.6027960930760066,141.99591836734695,111.59387755102041,128.0,128.0
156,7.800000000000001,-0.15581178665161133,-0.22180581092834473,1.8415110111236572,-0.11113810539245605,-1.6185777187347412,-0.19087696075439453,0.5694811940193176,0.07517397403717041,0.6029430627822876,3.0897252522792975,0.058718222712777685,1.6028926879317824,141.87474747474747,111.77777777777777,128.0,128.0
157,7.8500000000000005,-0.1561744213104248,-0.22123312950134277,1.8411076068878174,-0.11143112182617188,-1.618687391281128,-0.19134783744812012,0.5698503255844116,0.07489850372076035,0.6029383540153503,3.089652175068645,0.058873481839121854,1.6029880951517375,141.77777777777777,111.87474747474748,128.0,128.0
158,7.9,-0.15653371810913086,-0.22066330909729004,1.8407065868377686,-0.11172175407409668,-1.6187965869903564,-0.19181466102600098,0.5702170729637146,0.0746249184012413,0.6029329299926758,3.08958048313405,0.059027064186853155,1.603083336210894,141.71805273833672,111.95537525354969,128.0,128.0
159,7.95,-0.1568911075592041,-0.22009563446044922,1.8403065204620361,-0.11201024055480957,-1.6189053058624268,-0.19227910041809082,0.5705825686454773,0.07435242831707001,0.6029277443885803,3.089509898261042,0.05918027768358127,1.6031782430910055,141.50819672131146,112.14959016393442,128.0,128.0
160,8.0,-0.1572425365447998,-0.21953368186950684,1.8399121761322021,-0.11229443550109863,-1.6190111637115479,-0.19273591041564941,0.5709438920021057,0.07408422231674194,0.6029214859008789,3.089441827859266,0.0593309059210375,1.6032717807666084,141.30204081632652,112.18571428571428,128.0,128.0
161,8.05,-0.15758705139160156,-0.21897220611572266,1.839519739151001,-0.1125795841217041,-1.6191155910491943,-0.19318532943725586,0.5713039636611938,0.07381987571716309,0.6029135584831238,3.089374494412126,0.05947810542962876,1.6033644597695824,141.20934959349594,112.34756097560975,128.0,128.0
162,8.1,-0.1579291820526123,-0.2184157371520996,1.8391311168670654,-0.11286091804504395,-1.6192190647125244,-0.19363141059875488,0.5716609358787537,0.0735572874546051,0.6029054522514343,3.089309209037642,0.059624253905455844,1.6034566363473033,141.17177914110428,112.49693251533742,128.0,128.0
163,8.15,-0.15827012062072754,-0.2178637981414795,1.8387444019317627,-0.11313819885253906,-1.6193230152130127,-0.1940758228302002,0.5720149874687195,0.07329560816287994,0.6028972864151001,3.089245832698369,0.05976988303392328,1.6035484779309477,141.04674796747966,112.71138211382114,128.0,128.0
164,8.200000000000001,-0.15860772132873535,-0.21731853485107422,1.838362455368042,-0.11341023445129395,-1.6194250583648682,-0.19451570510864258,0.5723642110824585,0.0730362981557846,0.6028892993927002,3.089184996401499,0.059914081104541335,1.6036392971635736,140.9269776876268,112.84381338742394,128.0,128.0
165,8.25,-0.15894174575805664,-0.21677732467651367,1.8379838466644287,-0.11367917060852051,-1.6195266246795654,-0.19495105743408203,0.5727109909057617,0.07277944684028625,0.6028804183006287,3.089126064430854,0.060056509215929275,1.6037292675680521,140.83739837398375,112.90243902439025,128.0,128.0
166,8.3,-0.1592726707458496,-0.21623754501342773,1.83760666847229,-0.11394643783569336,-1.6196272373199463,-0.19538331031799316,0.5730559825897217,0.0725242868065834,0.6028710603713989,3.089068071332799,0.06019779943789951,1.6038192401133127,140.79513184584178,112.99594320486815,128.0,128.0
167,8.35,-0.15960240364074707,-0.21570038795471191,1.837230920791626,-0.1142110824584961,-1.619727373123169,-0.19581341743469238,0.5733994245529175,0.07227016985416412,0.6028621792793274,3.08901177489962,0.06033820221340747,1.6039088782575062,140.57873210633946,113.1676891615542,128.0,128.0
168,8.4,-0.1599256992340088,-0.21516847610473633,1.836859941482544,-0.11447334289550781,-1.6198256015777588,-0.19623613357543945,0.5737393498420715,0.07202006131410599,0.6028520464897156,3.0889576290655745,0.06047584478964466,1.603997152432554,140.46326530612245,113.28367346938775,128.0,128.0
169,8.450000000000001,-0.16024565696716309,-0.21463990211486816,1.8364918231964111,-0.11473274230957031,-1.6199228763580322,-0.1966543197631836,0.5740764737129211,0.0717722624540329,0.602841317653656,3.0889045499077534,0.06061209759030712,1.6040850818364534,140.35496957403652,113.39350912778905,128.0,128.0
170,8.5,-0.16056227684020996,-0.21411442756652832,1.8361265659332275,-0.1149904727935791,-1.6200191974639893,-0.1970686912536621,0.5744113922119141,0.07152653485536575,0.6028300523757935,3.088852698176404,0.06074713295855705,1.6041719925663,140.20654396728017,113.4683026584867,128.0,128.0
171,8.55,-0.1608743667602539,-0.2135908603668213,1.8357632160186768,-0.11524653434753418,-1.6201140880584717,-0.1974775791168213,0.574744701385498,0.0712837502360344,0.6028180122375488,3.0888019525638795,0.0608799258845544,1.6042583832995094,140.08739837398375,113.72357723577235,128.0,128.0
172,8.6,-0.16118359565734863,-0.2130753993988037,1.8354055881500244,-0.11549615859985352,-1.6202080249786377,-0.19788193702697754,0.5750724673271179,0.07104338705539703,0.6028059720993042,3.088754371980864,0.06101129432976282,1.6043437563442386,140.00608519269778,113.80933062880325,128.0,128.0
173,8.65,-0.16149020195007324,-0.21256232261657715,1.8350498676300049,-0.11574435234069824,-1.6203014850616455,-0.19828367233276367,0.5753987431526184,0.0708044022321701,0.6027933955192566,3.088708231006616,0.0611412731878244,1.604428279307417,139.90872210953347,113.89046653144017,128.0,128.0
174,8.700000000000001,-0.16179370880126953,-0.2120516300201416,1.8346960544586182,-0.11599016189575195,-1.6203935146331787,-0.19868159294128418,0.5757231116294861,0.07056751847267151,0.6027802228927612,3.088663142743124,0.06126989955323408,1.6045128002861844,139.85222672064776,113.96558704453442,128.0,128.0
175,8.75,-0.1620955467224121,-0.21154308319091797,1.834343671798706,-0.11623430252075195,-1.620485544204712,-0.19907736778259277,0.5760460495948792,0.07033184915781021,0.6027673482894897,3.088619188904825,0.061397840972699194,1.6045971652297657,139.78861788617886,114.02032520325203,128.0,128.0
176,8.8,-0.16239523887634277,-0.21103620529174805,1.8339927196502686,-0.11647725105285645,-1.6205766201019287,-0.19947052001953125,0.5763679146766663,0.07009715586900711,0.6027540564537048,3.088575975799401,0.06152490239038372,1.6046806732025298,139.61710794297352,114.18737270875764,128.0,128.0
177,8.85,-0.1626901626586914,-0.21053409576416016,1.8336455821990967,-0.11671566963195801,-1.6206657886505127,-0.19985747337341309,0.5766856670379639,0.06986594945192337,0.6027399301528931,3.0885349220198526,0.061649533997038236,1.6047636698772554,139.50511247443762,114.33333333333333,128.0,128.0
178,8.9,-0.16298174858093262,-0.2100365161895752,1.8333022594451904,-0.11695146560668945,-1.6207544803619385,-0.2002408504486084,0.5770009160041809,0.06963695585727692,0.6027252674102783,3.0884961802778697,0.061772438121742844,1.6048456378064153,139.39511201629327,114.42362525458249,128.0,128.0
179,8.950000000000001,-0.1632702350616455,-0.20954155921936035,1.8329603672027588,-0.11718487739562988,-1.6208422183990479,-0.20061993598937988,0.577314019203186,0.06941026449203491,0.6027101874351501,3.0884583492452626,0.06189374738685183,1.604927272894408,139.3155737704918,114.58401639344262,128.0,128.0
180,9.0,-0.16355657577514648,-0.20905160903930664,1.832622766494751,-0.11741518974304199,-1.6209290027618408,-0.20099616050720215,0.5776240825653076,0.06918495893478394,0.6026954650878906,3.088422478022048,0.06201421543383319,1.6050078843018893,139.14401622718051,114.7342799188641,128.0,128.0
181,9.05,-0.16383814811706543,-0.20856618881225586,1.8322889804840088,-0.11764216423034668,-1.6210148334503174,-0.20136642456054688,0.5779302716255188,0.06896309554576874,0.6026795506477356,3.088388535915869,0.0621322730923456,1.6050879771241302,139.02439024390245,114.82723577235772,128.0,128.0
182,9.1,-0.16411614418029785,-0.2080833911895752,1.8319580554962158,-0.11786746978759766,-1.6210992336273193,-0.20173263549804688,0.5782346129417419,0.06874343752861023,0.6026630401611328,3.0883558612465514,0.062249085412829315,1.6051673905678037,138.96957403651115,114.91886409736308,128.0,128.0
183,9.15,-0.16439247131347656,-0.20760345458984375,1.8316285610198975,-0.11809039115905762,-1.621183156967163,-0.20209670066833496,0.5785374641418457,0.06852489709854126,0.60264652967453,3.0883245062751357,0.0623650391975119,1.6052466388142126,138.9430894308943,114.97764227642277,128.0,128.0
184,9.200000000000001,-0.16466784477233887,-0.20712518692016602,1.8313000202178955,-0.11831188201904297,-1.621267557144165,-0.20245909690856934,0.5788388848304749,0.06830700486898422,0.6026298403739929,3.088293608519173,0.062480290818333825,1.6053253780785346,138.87070707070708,115.02828282828283,128.0,128.0
185,9.25,-0.16494107246398926,-0.2066481113433838,1.8309729099273682,-0.11853218078613281,-1.6213505268096924,-0.2028188705444336,0.5791394114494324,0.06809037178754807,0.6026128530502319,3.088263573776214,0.06259501538039383,1.6054034392001504,138.78744939271255,115.14777327935222,128.0,128.0
186,9.3,-0.16521191596984863,-0.2061748504638672,1.83064866065979,-0.11874985694885254,-1.6214330196380615,-0.20317578315734863,0.5794370770454407,0.0678754597902298,0.6025957465171814,3.088235146759381,0.0627081627922148,1.605480986524857,138.67008196721312,115.32991803278688,128.0,128.0
187,9.35,-0.1654796600341797,-0.20570707321166992,1.8303282260894775,-0.11896347999572754,-1.6215145587921143,-0.20352888107299805,0.5797311067581177,0.06766294687986374,0.6025780439376831,3.0882088451010827,0.06281992292731368,1.605557860541204,138.52545824847252,115.39714867617108,128.0,128.0
188,9.4,-0.1657428741455078,-0.20524144172668457,1.8300106525421143,-0.11917591094970703,-1.6215946674346924,-0.20387649536132812,0.5800237655639648,0.06745310872793198,0.6025597453117371,3.088183456194071,0.06292979866773335,1.6056347251941165,138.39714867617107,115.4745417515275,128.0,128.0
189,9.450000000000001,-0.1660022735595703,-0.20477771759033203,1.829695463180542,-0.11938691139221191,-1.621673822402954,-0.20421957969665527,0.5803149938583374,0.0672459825873375,0.6025406122207642,3.088159447349715,0.06303777712166156,1.605710395022453,138.32991803278688,115.67008196721312,128.0,128.0
190,9.5,-0.1662604808807373,-0.20432019233703613,1.8293840885162354,-0.11959290504455566,-1.6217520236968994,-0.2045605182647705,0.5806015729904175,0.06704014539718628,0.6025214195251465,3.0881378095405037,0.06314484910623731,1.6057857263442494,138.21052631578948,115.73886639676114,128.0,128.0
191,9.55,-0.16651487350463867,-0.20386457443237305,1.8290741443634033,-0.1197969913482666,-1.6218292713165283,-0.2048969268798828,0.5808865427970886,0.06683644652366638,0.6025014519691467,3.088117530447343,0.06324985669219409,1.6058602053416848,138.09475806451613,115.83870967741936,128.0,128.0
192,9.600000000000001,-0.16676592826843262,-0.20341205596923828,1.8287670612335205,-0.11999940872192383,-1.6219055652618408,-0.2052290439605713,0.5811697840690613,0.06663519144058228,0.6024816036224365,3.088098436116467,0.06335365265682577,1.605934166636164,138.01414141414142,115.91919191919192,128.0,128.0
193,9.65,-0.16701459884643555,-0.20296192169189453,1.8284623622894287,-0.12020039558410645,-1.6219818592071533,-0.20555877685546875,0.5814513564109802,0.06643552333116531,0.6024610996246338,3.0880802303376296,0.06345625932716477,1.6060074521453849,138.0,116.0,128.0,128.0
194,9.700000000000001,-0.16726303100585938,-0.2025141716003418,1.8281586170196533,-0.12039923667907715,-1.6220571994781494,-0.2058875560760498,0.5817312002182007,0.06623607873916626,0.6024406552314758,3.0880628183540044,0.06355933121779646,1.606081082219499,137.91886409736307,116.02839756592292,128.0,128.0
195,9.75,-0.16750884056091309,-0.20206713676452637,1.8278563022613525,-0.12059783935546875,-1.6221325397491455,-0.20621371269226074,0.5820105671882629,0.06603815406560898,0.602419912815094,3.0880461593359962,0.06366052015049518,1.6061540292412226,137.83838383838383,116.15555555555555,128.0,128.0
196,9.8,-0.16775250434875488,-0.20162391662597656,1.827556848526001,-0.12079310417175293,-1.6222069263458252,-0.20653676986694336,0.5822868943214417,0.06584194302558899,0.6023986339569092,3.0880310818611756,0.0637611731518469,1.606226647782928,137.76923076923077,116.23076923076923,128.0,128.0
197,9.850000000000001,-0.16799402236938477,-0.20118308067321777,1.8272593021392822,-0.1209871768951416,-1.6222808361053467,-0.20685720443725586,0.5825621485710144,0.06564702093601227,0.6023769974708557,3.088017077297564,0.06386075538317587,1.6062987484496702,137.67008196721312,116.32991803278688,128.0,128.0
198,9.9,-0.16823291778564453,-0.2007451057434082,1.8269641399383545,-0.12117910385131836,-1.6223537921905518,-0.20717430114746094,0.5828348994255066,0.0654541403055191,0.6023550033569336,3.088004424436552,0.06395884183708997,1.6063703396226965,137.52244897959184,116.42244897959183,128.0,128.0
199,9.950000000000001,-0.16846728324890137,-0.20030975341796875,1.826671838760376,-0.1213691234588623,-1.6224253177642822,-0.20748591423034668,0.5831054449081421,0.0652640163898468,0.6023322343826294,3.0879925385510743,0.06405516977746627,1.6064412356654545,137.4786150712831,116.55193482688391,128.0,128.0
200,10.0,-0.1687006950378418,-0.19987845420837402,1.8263819217681885,-0.12155604362487793,-1.6224963665008545,-0.2077960968017578,0.5833737850189209,0.06507488340139389,0.6023097038269043,3.087982865338955,0.06415041225896292,1.6065114598873333,137.32991803278688,116.67008196721312,128.0,128.0
201,10.05,-0.1689300537109375,-0.19945073127746582,1.8260953426361084,-0.12174010276794434,-1.6225664615631104,-0.20810151100158691,0.5836395621299744,0.06488873809576035,0.6022863388061523,3.0879742515890176,0.06424396361751318,1.6065811655828934,137.23076923076923,116.76923076923077,128.0,128.0
202,10.100000000000001,-0.16915655136108398,-0.19902610778808594,1.8258116245269775,-0.12192201614379883,-1.6226351261138916,-0.2084033489227295,0.5839031934738159,0.0647045448422432,0.6022626161575317,3.087967490387949,0.06433610808658977,1.606650536456363,137.16161616161617,116.84444444444445,128.0,128.0
203,10.15,-0.16938114166259766,-0.19860386848449707,1.8255293369293213,-0.12210202217102051,-1.6227037906646729,-0.20870280265808105,0.5841646790504456,0.06452148407697678,0.6022383570671082,3.087962007549953,0.06442721017088059,1.6067195682588227,137.0969696969697,116.93939393939394,128.0,128.0
204,10.200000000000001,-0.16960406303405762,-0.19818449020385742,1.8252489566802979,-0.12228035926818848,-1.622771978378296,-0.2090001106262207,0.584424614906311,0.06433974951505661,0.6022142171859741,3.087957013172479,0.06451710625900596,1.6067880807460249,137.02226720647772,116.98785425101215,128.0,128.0
205,10.25,-0.16982460021972656,-0.19776630401611328,1.824970006942749,-0.12245678901672363,-1.6228392124176025,-0.20929455757141113,0.5846835970878601,0.06415951997041702,0.6021900177001953,3.0879527233705204,0.06460660529327185,1.6068560887150107,136.96565656565656,117.03434343434344,128.0,128.0
206,10.3,-0.1700434684753418,-0.19734954833984375,1.8246924877166748,-0.12263321876525879,-1.622905969619751,-0.20958662033081055,0.5849413871765137,0.06398043781518936,0.6021655797958374,3.087949573690253,0.06469514019846516,1.606924269693258,136.92943548387098,117.11895161290323,128.0,128.0
207,10.350000000000001,-0.17026114463806152,-0.19693541526794434,1.8244163990020752,-0.12280678749084473,-1.6229727268218994,-0.20987749099731445,0.585197389125824,0.06380213797092438,0.6021405458450317,3.0879470659819432,0.06478273275983853,1.6069915989672516,136.8608870967742,117.16733870967742,128.0,128.0
208,10.4,-0.17047691345214844,-0.19652271270751953,1.8241417407989502,-0.12298011779785156,-1.6230385303497314,-0.21016573905944824,0.5854524970054626,0.06362519413232803,0.6021156907081604,3.0879455393583917,0.06486966283908195,1.607058583085462,136.79393939393938,117.23636363636363,128.0,128.0
209,10.450000000000001,-0.17069077491760254,-0.19611191749572754,1.823868989944458,-0.12315154075622559,-1.6231038570404053,-0.21045160293579102,0.5857061147689819,0.0634494423866272,0.6020901203155518,3.087944549743621,0.06495570973719074,1.6071250651927078,136.66053169734153,117.35378323108384,128.0,128.0
210,10.5,-0.17090106010437012,-0.19570469856262207,1.823599100112915,-0.1233208179473877,-1.6231682300567627,-0.21073269844055176,0.5859572887420654,0.06327643990516663,0.602064311504364,3.087945289154366,0.06504003798534766,1.6071911940376808,136.60162601626016,117.5,128.0,128.0
211,10.55,-0.17110991477966309,-0.19530224800109863,1.8233325481414795,-0.12348651885986328,-1.623232126235962,-0.2110118865966797,0.5862053632736206,0.06310451030731201,0.6020382642745972,3.087947703988549,0.06512365079787205,1.6072564749235403,136.50101419878297,117.5760649087221,128.0,128.0
212,10.600000000000001,-0.17131590843200684,-0.1949019432067871,1.823068380355835,-0.12365078926086426,-1.6232950687408447,-0.2112877368927002,0.5864518284797668,0.06293456256389618,0.6020117998123169,3.08795085597076,0.06520567024019709,1.6073210756395666,136.41056910569105,117.6239837398374,128.0,128.0
213,10.65,-0.17151927947998047,-0.1945030689239502,1.822805643081665,-0.12381482124328613,-1.6233575344085693,-0.21156024932861328,0.5866972804069519,0.06276649236679077,0.6019847989082336,3.0879550487317435,0.06528667602054396,1.6073856699368618,136.3008130081301,117.76016260162602,128.0,128.0
214,10.700000000000001,-0.17171978950500488,-0.194108247756958,1.8225462436676025,-0.12397503852844238,-1.6234190464019775,-0.21182918548583984,0.5869398713111877,0.06260038167238235,0.6019574999809265,3.0879606675424687,0.06536648798223801,1.6074494119300595,136.23340040241447,117.83702213279678,128.0,128.0
215,10.75,-0.17191839218139648,-0.19371604919433594,1.8222887516021729,-0.12413287162780762,-1.6234796047210693,-0.2120957374572754,0.5871807336807251,0.06243560463190079,0.6019298434257507,3.087967821753955,0.0654448463679409,1.6075128165518113,136.14658634538154,117.90562248995984,128.0,128.0
216,10.8,-0.17211437225341797,-0.19332575798034668,1.8220326900482178,-0.12428951263427734,-1.623539686203003,-0.21235942840576172,0.5874199271202087,0.06227261200547218,0.601901650428772,3.0879760677874564,0.06552219712157852,1.6075758773916,136.12929292929292,117.97171717171717,128.0,128.0
217,10.850000000000001,-0.17231011390686035,-0.19293761253356934,1.821777582168579,-0.12444376945495605,-1.6235997676849365,-0.21262240409851074,0.5876579284667969,0.06211008504033089,0.6018737554550171,3.087985195736099,0.06559918828679435,1.6076389441245609,136.07676767676767,118.03232323232324,128.0,128.0
218,10.9,-0.17250418663024902,-0.1925511360168457,1.8215243816375732,-0.12459683418273926,-1.623659372329712,-0.21288347244262695,0.5878947377204895,0.061948470771312714,0.6018462181091309,3.087994998680835,0.06567549533091258,1.6077015040750615,135.98585858585858,118.08080808080808,128.0,128.0
219,10.950000000000001,-0.17269563674926758,-0.19216609001159668,1.8212730884552002,-0.12474989891052246,-1.6237175464630127,-0.21314096450805664,0.588130533695221,0.061788685619831085,0.6018176078796387,3.0880057265422876,0.06575058740911778,1.6077640586339315,135.97782258064515,118.10483870967742,128.0,128.0
220,11.0,-0.17288684844970703,-0.19178175926208496,1.8210217952728271,-0.12490224838256836,-1.6237761974334717,-0.21339821815490723,0.588365375995636,0.06162911280989647,0.6017888784408569,3.0880165791896483,0.0658251260073445,1.6078257661701576,135.9111111111111,118.18585858585858,128.0,128.0
221,11.05,-0.17307615280151367,-0.19139981269836426,1.8207728862762451,-0.12505292892456055,-1.6238338947296143,-0.213653564453125,0.5885988473892212,0.06147081404924393,0.6017596125602722,3.0880282719098107,0.065898988123566,1.6078876429115563,135.8165322580645,118.24798387096774,128.0,128.0
222,11.100000000000001,-0.1732628345489502,-0.19101977348327637,1.820525884628296,-0.12520313262939453,-1.6238911151885986,-0.21390557289123535,0.5888308882713318,0.06131451576948166,0.601730465888977,3.088040522485324,0.06597164974879012,1.6079490087534518,135.7858585858586,118.31515151515151,128.0,128.0
223,11.15,-0.17344880104064941,-0.1906418800354004,1.8202803134918213,-0.1253507137298584,-1.623948335647583,-0.2141566276550293,0.5890618562698364,0.06115863844752312,0.6017009019851685,3.088053667878087,0.06604397850134107,1.608010374194189,135.64646464646464,118.49090909090908,128.0,128.0
224,11.200000000000001,-0.1736311912536621,-0.19026923179626465,1.8200390338897705,-0.12549471855163574,-1.624004602432251,-0.2144029140472412,0.5892892479896545,0.06100551411509514,0.6016709208488464,3.088069316845825,0.06611449036875526,1.6080705490407565,135.60569105691056,118.55081300813008,128.0,128.0
225,11.25,-0.1738123893737793,-0.18989872932434082,1.8197987079620361,-0.12563657760620117,-1.6240599155426025,-0.21464753150939941,0.5895150303840637,0.06085308641195297,0.6016408801078796,3.088086241470842,0.06618434589671862,1.608130727138507,135.5425101214575,118.62348178137651,128.0,128.0
226,11.3,-0.17399191856384277,-0.1895301342010498,1.8195602893829346,-0.1257772445678711,-1.624115228652954,-0.2148897647857666,0.5897390246391296,0.06070218235254288,0.6016107797622681,3.088103809885171,0.06625311266791481,1.6081902201578369,135.45546558704453,118.74291497975709,128.0,128.0
227,11.350000000000001,-0.17416930198669434,-0.18916559219360352,1.8193247318267822,-0.1259148120880127,-1.6241700649261475,-0.21512937545776367,0.5899608731269836,0.06055285781621933,0.6015803813934326,3.0881226560609423,0.06632122503024936,1.6082491971311954,135.31313131313132,118.82020202020202,128.0,128.0
228,11.4,-0.17434263229370117,-0.18880319595336914,1.819092035293579,-0.1260514259338379,-1.6242234706878662,-0.2153639793395996,0.5901808142662048,0.060406267642974854,0.6015490293502808,3.0881431321777155,0.06638735219592709,1.608307496008157,135.25100401606426,118.855421686747,128.0,128.0
229,11.450000000000001,-0.1745140552520752,-0.18844175338745117,1.8188602924346924,-0.12618708610534668,-1.6242759227752686,-0.21559667587280273,0.5904001593589783,0.06026092544198036,0.6015174388885498,3.0881638148865256,0.06645254608886757,1.608365786035719,135.16432865731463,118.92384769539078,128.0,128.0
230,11.5,-0.1746830940246582,-0.18808221817016602,1.8186304569244385,-0.12632107734680176,-1.6243278980255127,-0.21582627296447754,0.5906177759170532,0.06011725589632988,0.6014854907989502,3.0881855521306343,0.06651628732941692,1.6084235596983154,135.14717741935485,118.9899193548387,128.0,128.0
231,11.55,-0.174851655960083,-0.18772506713867188,1.8184020519256592,-0.12645435333251953,-1.6243798732757568,-0.21605515480041504,0.5908343195915222,0.05997390300035477,0.6014533638954163,3.088208426681144,0.0665798541731278,1.6084810076878522,135.14285714285714,119.04225352112677,128.0,128.0
232,11.600000000000001,-0.1750202178955078,-0.18736934661865234,1.8181746006011963,-0.1265857219696045,-1.624431848526001,-0.21628403663635254,0.5910494923591614,0.05983069911599159,0.6014213562011719,3.0882312884893115,0.06664340475310916,1.608538451206172,135.09475806451613,119.09475806451613,128.0,128.0
233,11.65,-0.1751875877380371,-0.18701529502868652,1.8179481029510498,-0.12671589851379395,-1.624483346939087,-0.21651101112365723,0.5912639498710632,0.05968845263123512,0.6013893485069275,3.088255070229711,0.06670644743070259,1.6085955655035664,135.04225352112675,119.14285714285714,128.0,128.0
234,11.700000000000001,-0.1753532886505127,-0.1866626739501953,1.8177235126495361,-0.1268453598022461,-1.6245343685150146,-0.21673583984375,0.5914767980575562,0.05954737961292267,0.6013571619987488,3.088279431950098,0.06676845615343487,1.6086523316654786,135.01814516129033,119.1350806451613,128.0,128.0
235,11.75,-0.17551827430725098,-0.1863095760345459,1.8174984455108643,-0.12697505950927734,-1.6245849132537842,-0.21695995330810547,0.5916906595230103,0.059406623244285583,0.6013245582580566,3.08830387628159,0.06683009065103906,1.6087085884495802,134.93775100401606,119.21686746987952,128.0,128.0
236,11.8,-0.17568111419677734,-0.1859591007232666,1.8172752857208252,-0.12710213661193848,-1.6246349811553955,-0.21718144416809082,0.5919021964073181,0.059267498552799225,0.601291835308075,3.088329497717026,0.06689087885952713,1.6087651905204006,134.87525150905432,119.29376257545272,128.0,128.0
237,11.850000000000001,-0.1758420467376709,-0.18561100959777832,1.817054033279419,-0.1272280216217041,-1.6246845722198486,-0.21740078926086426,0.5921123027801514,0.059129565954208374,0.6012588739395142,3.0883561746366923,0.06695043290048594,1.6088212773867965,134.8376753507014,119.35871743486975,128.0,128.0
238,11.9,-0.17600226402282715,-0.18526482582092285,1.8168342113494873,-0.12735199928283691,-1.6247341632843018,-0.2176189422607422,0.59232097864151,0.058992475271224976,0.6012256145477295,3.0883837364107993,0.06700942366803576,1.6088766869350226,134.754,119.496,128.0,128.0
